CaseMasterID,ActID,SectionID,ActOrderID,SectionOrderID
1,SLL,,1,1
2,SLL,,1,1
3,SLL,,1,1
4,SLL,,1,1
5,SLL,,1,1
6,SLL,,1,1
7,IPC,363,1,1
8,SLL,,1,1
9,SLL,,1,1
10,SLL,,1,1
11,IPC,325,1,1
12,IPC,325,1,1
13,IPC,325,1,1
14,IPC,379,1,1
15,IPC,325,1,1
16,IPC,445,1,1
17,IPC,379,1,1
18,SLL,,1,1
19,SLL,,1,1
20,IPC,147,1,1
21,SLL,,1,1
22,IPC,498A,1,1
23,SLL,,1,1
24,IPC,445,1,1
25,SLL,,1,1
26,IPC,147,1,1
27,IPC,445,1,1
28,IPC,147,1,1
29,IPC,147,1,1
30,IPC,325,1,1
31,IPC,420,1,1
32,SLL,,1,1
33,SLL,,1,1
34,IPC,354,1,1
35,SLL,,1,1
36,IPC,147,1,1
37,SLL,,1,1
38,IPC,325,1,1
39,SLL,,1,1
40,SLL,,1,1
41,SLL,,1,1
42,IPC,325,1,1
43,IPC,445,1,1
44,SLL,,1,1
45,IPC,379,1,1
46,SLL,,1,1
47,SLL,,1,1
48,SLL,,1,1
49,SLL,,1,1
50,SLL,,1,1
51,IPC,395,1,1
52,SLL,,1,1
53,SLL,,1,1
54,SLL,,1,1
55,IPC,354,1,1
56,IPC,498A,1,1
57,SLL,,1,1
58,SLL,,1,1
59,SLL,,1,1
60,IPC,420,1,1
61,IPC,498A,1,1
62,SLL,,1,1
63,IPC,379,1,1
64,IPC,147,1,1
65,IPC,325,1,1
66,IPC,498A,1,1
67,IPC,325,1,1
68,IPC,325,1,1
69,IPC,325,1,1
70,IPC,354,1,1
71,SLL,,1,1
72,IPC,325,1,1
73,IPC,325,1,1
74,IPC,325,1,1
75,IPC,147,1,1
76,IPC,325,1,1
77,IPC,354,1,1
78,IPC,445,1,1
79,IPC,498A,1,1
80,IPC,498A,1,1
81,SLL,,1,1
82,SLL,,1,1
83,IPC,325,1,1
84,SLL,,1,1
85,IPC,147,1,1
86,SLL,,1,1
87,SLL,,1,1
88,IPC,498A,1,1
89,SLL,,1,1
90,IPC,445,1,1
91,IPC,325,1,1
92,SLL,,1,1
93,SLL,,1,1
94,SLL,,1,1
95,IPC,325,1,1
96,SLL,,1,1
97,SLL,,1,1
98,SLL,,1,1
99,SLL,,1,1
100,IPC,379,1,1
101,IPC,325,1,1
102,IPC,147,1,1
103,IPC,376,1,1
104,IPC,379,1,1
105,SLL,,1,1
106,SLL,,1,1
107,SLL,,1,1
108,SLL,,1,1
109,IPC,325,1,1
110,IPC,325,1,1
111,SLL,,1,1
112,SLL,,1,1
113,IPC,379,1,1
114,SLL,,1,1
115,SLL,,1,1
116,IPC,420,1,1
117,IPC,354,1,1
118,SLL,,1,1
119,IPC,325,1,1
120,IPC,325,1,1
121,SLL,,1,1
122,IPC,354,1,1
123,IPC,147,1,1
124,SLL,,1,1
125,SLL,,1,1
126,SLL,,1,1
127,SLL,,1,1
128,SLL,,1,1
129,SLL,,1,1
130,SLL,,1,1
131,SLL,,1,1
132,IPC,498A,1,1
133,SLL,,1,1
134,IPC,325,1,1
135,SLL,,1,1
136,IPC,325,1,1
137,IPC,325,1,1
138,SLL,,1,1
139,SLL,,1,1
140,IPC,147,1,1
141,IPC,307,1,1
142,SLL,,1,1
143,IPC,147,1,1
144,SLL,,1,1
145,SLL,,1,1
146,SLL,,1,1
147,IPC,445,1,1
148,IPC,420,1,1
149,SLL,,1,1
150,IPC,302,1,1
151,IPC,498A,1,1
152,IPC,307,1,1
153,SLL,,1,1
154,IPC,354,1,1
155,IPC,302,1,1
156,IPC,445,1,1
157,IPC,147,1,1
158,SLL,,1,1
159,SLL,,1,1
160,IPC,325,1,1
161,SLL,,1,1
162,SLL,,1,1
163,IPC,420,1,1
164,SLL,,1,1
165,IPC,420,1,1
166,IPC,363,1,1
167,IPC,498A,1,1
168,IPC,325,1,1
169,SLL,,1,1
170,IPC,147,1,1
171,SLL,,1,1
172,IPC,420,1,1
173,SLL,,1,1
174,SLL,,1,1
175,IPC,445,1,1
176,IPC,147,1,1
177,SLL,,1,1
178,SLL,,1,1
179,SLL,,1,1
180,IPC,325,1,1
181,IPC,302,1,1
182,IPC,325,1,1
183,IPC,420,1,1
184,SLL,,1,1
185,SLL,,1,1
186,SLL,,1,1
187,SLL,,1,1
188,IPC,379,1,1
189,IPC,325,1,1
190,IPC,147,1,1
191,IPC,420,1,1
192,SLL,,1,1
193,SLL,,1,1
194,SLL,,1,1
195,SLL,,1,1
196,IPC,325,1,1
197,SLL,,1,1
198,SLL,,1,1
199,SLL,,1,1
200,IPC,498A,1,1
201,IPC,379,1,1
202,SLL,,1,1
203,IPC,302,1,1
204,SLL,,1,1
205,SLL,,1,1
206,SLL,,1,1
207,IPC,354,1,1
208,SLL,,1,1
209,IPC,325,1,1
210,SLL,,1,1
211,IPC,354,1,1
212,SLL,,1,1
213,SLL,,1,1
214,SLL,,1,1
215,IPC,420,1,1
216,SLL,,1,1
217,SLL,,1,1
218,IPC,498A,1,1
219,SLL,,1,1
220,SLL,,1,1
221,IPC,420,1,1
222,SLL,,1,1
223,IPC,363,1,1
224,SLL,,1,1
225,SLL,,1,1
226,SLL,,1,1
227,SLL,,1,1
228,SLL,,1,1
229,SLL,,1,1
230,SLL,,1,1
231,IPC,325,1,1
232,IPC,379,1,1
233,SLL,,1,1
234,SLL,,1,1
235,IPC,307,1,1
236,IPC,147,1,1
237,SLL,,1,1
238,SLL,,1,1
239,IPC,307,1,1
240,SLL,,1,1
241,IPC,379,1,1
242,IPC,420,1,1
243,IPC,498A,1,1
244,SLL,,1,1
245,IPC,379,1,1
246,IPC,354,1,1
247,SLL,,1,1
248,SLL,,1,1
249,IPC,302,1,1
250,IPC,325,1,1
251,IPC,325,1,1
252,SLL,,1,1
253,IPC,325,1,1
254,IPC,325,1,1
255,IPC,325,1,1
256,IPC,325,1,1
257,IPC,325,1,1
258,IPC,445,1,1
259,IPC,420,1,1
260,IPC,325,1,1
261,SLL,,1,1
262,SLL,,1,1
263,IPC,325,1,1
264,IPC,354,1,1
265,IPC,363,1,1
266,SLL,,1,1
267,SLL,,1,1
268,IPC,325,1,1
269,IPC,325,1,1
270,IPC,325,1,1
271,IPC,379,1,1
272,SLL,,1,1
273,IPC,325,1,1
274,IPC,379,1,1
275,IPC,325,1,1
276,IPC,379,1,1
277,IPC,379,1,1
278,SLL,,1,1
279,IPC,325,1,1
280,IPC,379,1,1
281,IPC,435,1,1
282,SLL,,1,1
283,SLL,,1,1
284,IPC,325,1,1
285,SLL,,1,1
286,SLL,,1,1
287,IPC,147,1,1
288,IPC,325,1,1
289,IPC,498A,1,1
290,SLL,,1,1
291,SLL,,1,1
292,SLL,,1,1
293,IPC,498A,1,1
294,IPC,354,1,1
295,IPC,325,1,1
296,SLL,,1,1
297,IPC,325,1,1
298,SLL,,1,1
299,SLL,,1,1
300,SLL,,1,1
301,SLL,,1,1
302,SLL,,1,1
303,SLL,,1,1
304,SLL,,1,1
305,IPC,325,1,1
306,IPC,325,1,1
307,IPC,445,1,1
308,SLL,,1,1
309,SLL,,1,1
310,SLL,,1,1
311,IPC,325,1,1
312,SLL,,1,1
313,IPC,498A,1,1
314,IPC,379,1,1
315,SLL,,1,1
316,IPC,445,1,1
317,IPC,435,1,1
318,SLL,,1,1
319,IPC,445,1,1
320,SLL,,1,1
321,SLL,,1,1
322,IPC,420,1,1
323,IPC,147,1,1
324,SLL,,1,1
325,SLL,,1,1
326,SLL,,1,1
327,IPC,392,1,1
328,IPC,302,1,1
329,IPC,325,1,1
330,SLL,,1,1
331,IPC,379,1,1
332,SLL,,1,1
333,SLL,,1,1
334,SLL,,1,1
335,IPC,325,1,1
336,IPC,307,1,1
337,SLL,,1,1
338,SLL,,1,1
339,IPC,325,1,1
340,SLL,,1,1
341,IPC,376,1,1
342,IPC,325,1,1
343,IPC,325,1,1
344,IPC,325,1,1
345,SLL,,1,1
346,IPC,379,1,1
347,IPC,325,1,1
348,SLL,,1,1
349,IPC,445,1,1
350,IPC,325,1,1
351,IPC,379,1,1
352,IPC,147,1,1
353,IPC,498A,1,1
354,SLL,,1,1
355,IPC,147,1,1
356,SLL,,1,1
357,IPC,445,1,1
358,SLL,,1,1
359,IPC,147,1,1
360,SLL,,1,1
361,SLL,,1,1
362,SLL,,1,1
363,SLL,,1,1
364,IPC,420,1,1
365,IPC,325,1,1
366,SLL,,1,1
367,IPC,325,1,1
368,SLL,,1,1
369,SLL,,1,1
370,SLL,,1,1
371,SLL,,1,1
372,IPC,325,1,1
373,SLL,,1,1
374,IPC,354,1,1
375,IPC,379,1,1
376,SLL,,1,1
377,SLL,,1,1
378,IPC,379,1,1
379,IPC,325,1,1
380,IPC,325,1,1
381,SLL,,1,1
382,IPC,325,1,1
383,SLL,,1,1
384,IPC,325,1,1
385,SLL,,1,1
386,IPC,302,1,1
387,SLL,,1,1
388,SLL,,1,1
389,IPC,379,1,1
390,IPC,379,1,1
391,SLL,,1,1
392,SLL,,1,1
393,SLL,,1,1
394,SLL,,1,1
395,SLL,,1,1
396,SLL,,1,1
397,SLL,,1,1
398,IPC,325,1,1
399,IPC,307,1,1
400,SLL,,1,1
401,SLL,,1,1
402,IPC,379,1,1
403,IPC,379,1,1
404,SLL,,1,1
405,SLL,,1,1
406,SLL,,1,1
407,IPC,435,1,1
408,SLL,,1,1
409,IPC,325,1,1
410,IPC,325,1,1
411,SLL,,1,1
412,IPC,147,1,1
413,SLL,,1,1
414,SLL,,1,1
415,SLL,,1,1
416,SLL,,1,1
417,IPC,307,1,1
418,SLL,,1,1
419,SLL,,1,1
420,IPC,379,1,1
421,IPC,147,1,1
422,IPC,445,1,1
423,SLL,,1,1
424,IPC,147,1,1
425,IPC,325,1,1
426,IPC,147,1,1
427,IPC,392,1,1
428,IPC,147,1,1
429,IPC,307,1,1
430,SLL,,1,1
431,SLL,,1,1
432,IPC,325,1,1
433,SLL,,1,1
434,IPC,354,1,1
435,IPC,325,1,1
436,IPC,379,1,1
437,SLL,,1,1
438,IPC,302,1,1
439,IPC,147,1,1
440,IPC,445,1,1
441,IPC,379,1,1
442,IPC,379,1,1
443,IPC,379,1,1
444,IPC,392,1,1
445,IPC,379,1,1
446,IPC,325,1,1
447,SLL,,1,1
448,SLL,,1,1
449,IPC,395,1,1
450,IPC,379,1,1
451,IPC,420,1,1
452,IPC,420,1,1
453,IPC,379,1,1
454,IPC,325,1,1
455,SLL,,1,1
456,IPC,420,1,1
457,IPC,379,1,1
458,IPC,379,1,1
459,SLL,,1,1
460,IPC,379,1,1
461,IPC,325,1,1
462,SLL,,1,1
463,IPC,379,1,1
464,IPC,379,1,1
465,IPC,395,1,1
466,IPC,420,1,1
467,IPC,379,1,1
468,IPC,445,1,1
469,IPC,420,1,1
470,IPC,147,1,1
471,IPC,147,1,1
472,IPC,406,1,1
473,IPC,325,1,1
474,IPC,379,1,1
475,IPC,379,1,1
476,SLL,,1,1
477,IPC,325,1,1
478,SLL,,1,1
479,SLL,,1,1
480,IPC,325,1,1
481,IPC,445,1,1
482,IPC,379,1,1
483,IPC,379,1,1
484,IPC,379,1,1
485,IPC,379,1,1
486,IPC,420,1,1
487,IPC,379,1,1
488,IPC,379,1,1
489,SLL,,1,1
490,IPC,379,1,1
491,IPC,445,1,1
492,IPC,379,1,1
493,IPC,395,1,1
494,IPC,363,1,1
495,IPC,325,1,1
496,IPC,325,1,1
497,IPC,325,1,1
498,IPC,379,1,1
499,IPC,379,1,1
500,SLL,,1,1
501,SLL,,1,1
502,IPC,325,1,1
503,IPC,420,1,1
504,IPC,420,1,1
505,SLL,,1,1
506,IPC,325,1,1
507,SLL,,1,1
508,IPC,420,1,1
509,IPC,325,1,1
510,SLL,,1,1
511,SLL,,1,1
512,IPC,354,1,1
513,SLL,,1,1
514,IPC,325,1,1
515,IPC,325,1,1
516,IPC,325,1,1
517,SLL,,1,1
518,SLL,,1,1
519,SLL,,1,1
520,SLL,,1,1
521,IPC,379,1,1
522,IPC,147,1,1
523,IPC,445,1,1
524,SLL,,1,1
525,IPC,325,1,1
526,IPC,147,1,1
527,SLL,,1,1
528,IPC,325,1,1
529,IPC,379,1,1
530,IPC,325,1,1
531,IPC,354,1,1
532,IPC,325,1,1
533,IPC,147,1,1
534,IPC,445,1,1
535,SLL,,1,1
536,IPC,325,1,1
537,IPC,325,1,1
538,IPC,325,1,1
539,SLL,,1,1
540,SLL,,1,1
541,SLL,,1,1
542,SLL,,1,1
543,SLL,,1,1
544,SLL,,1,1
545,SLL,,1,1
546,IPC,445,1,1
547,SLL,,1,1
548,SLL,,1,1
549,SLL,,1,1
550,IPC,420,1,1
551,IPC,354,1,1
552,IPC,420,1,1
553,IPC,325,1,1
554,IPC,379,1,1
555,SLL,,1,1
556,SLL,,1,1
557,SLL,,1,1
558,IPC,147,1,1
559,IPC,379,1,1
560,SLL,,1,1
561,SLL,,1,1
562,IPC,420,1,1
563,SLL,,1,1
564,IPC,325,1,1
565,SLL,,1,1
566,IPC,325,1,1
567,SLL,,1,1
568,SLL,,1,1
569,IPC,325,1,1
570,IPC,147,1,1
571,IPC,354,1,1
572,IPC,325,1,1
573,IPC,354,1,1
574,SLL,,1,1
575,IPC,379,1,1
576,IPC,307,1,1
577,SLL,,1,1
578,IPC,379,1,1
579,SLL,,1,1
580,SLL,,1,1
581,IPC,379,1,1
582,SLL,,1,1
583,SLL,,1,1
584,SLL,,1,1
585,SLL,,1,1
586,SLL,,1,1
587,SLL,,1,1
588,IPC,379,1,1
589,SLL,,1,1
590,IPC,498A,1,1
591,IPC,379,1,1
592,SLL,,1,1
593,IPC,498A,1,1
594,IPC,379,1,1
595,IPC,498A,1,1
596,SLL,,1,1
597,IPC,325,1,1
598,IPC,445,1,1
599,SLL,,1,1
600,SLL,,1,1
601,SLL,,1,1
602,SLL,,1,1
603,IPC,379,1,1
604,IPC,325,1,1
605,SLL,,1,1
606,IPC,379,1,1
607,SLL,,1,1
608,SLL,,1,1
609,IPC,379,1,1
610,IPC,307,1,1
611,IPC,325,1,1
612,IPC,420,1,1
613,IPC,325,1,1
614,IPC,363,1,1
615,SLL,,1,1
616,SLL,,1,1
617,IPC,445,1,1
618,IPC,379,1,1
619,SLL,,1,1
620,IPC,363,1,1
621,SLL,,1,1
622,IPC,325,1,1
623,SLL,,1,1
624,SLL,,1,1
625,IPC,420,1,1
626,IPC,147,1,1
627,SLL,,1,1
628,SLL,,1,1
629,IPC,354,1,1
630,IPC,307,1,1
631,SLL,,1,1
632,SLL,,1,1
633,IPC,302,1,1
634,SLL,,1,1
635,IPC,325,1,1
636,IPC,147,1,1
637,SLL,,1,1
638,SLL,,1,1
639,IPC,325,1,1
640,SLL,,1,1
641,IPC,445,1,1
