CaseMasterID,IncidentFromDate,IncidentToDate,InfoReceivedPSDate,latitude,longitude
1,2013-11-27 11:00:00,2013-11-27 12:00:00,2013-11-27 11:00:00,17.87761,77.33094
2,2013-01-08 12:00:00,2013-01-08 13:00:00,2013-01-08 12:00:00,18.10538,76.95505
3,2013-07-12 21:00:00,2013-07-12 22:00:00,2013-07-12 21:00:00,18.08547,77.75972
4,2013-11-11 19:00:00,2013-11-11 20:00:00,2013-11-11 19:00:00,18.10985,77.32565
5,2013-02-12 15:00:00,2013-02-12 16:00:00,2013-02-12 15:00:00,18.19774,77.00691
6,2013-05-13 09:00:00,2013-05-13 10:00:00,2013-05-13 09:00:00,18.21093,77.20837
7,2013-11-16 10:00:00,2013-11-16 11:00:00,2013-11-16 10:00:00,17.99822,77.29853
8,2013-03-14 16:00:00,2013-03-14 17:00:00,2013-03-14 16:00:00,18.0516,77.37841
9,2013-12-26 14:00:00,2013-12-26 15:00:00,2013-12-26 14:00:00,17.73998,77.12799
10,2013-03-03 05:00:00,2013-03-03 06:00:00,2013-03-03 05:00:00,17.7808,77.08051
11,2013-05-15 18:00:00,2013-05-15 19:00:00,2013-05-15 18:00:00,17.87133,77.4598
12,2013-12-10 20:00:00,2013-12-10 21:00:00,2013-12-10 20:00:00,17.61834,76.91041
13,2013-11-28 09:00:00,2013-11-28 10:00:00,2013-11-28 09:00:00,17.96297,77.39999
14,2013-06-19 16:00:00,2013-06-19 17:00:00,2013-06-19 16:00:00,17.81879,77.16047
15,2013-04-09 21:00:00,2013-04-09 22:00:00,2013-04-09 21:00:00,18.11356,77.42476
16,2013-07-22 18:00:00,2013-07-22 19:00:00,2013-07-22 18:00:00,18.17618,77.19199
17,2013-12-14 10:00:00,2013-12-14 11:00:00,2013-12-14 10:00:00,18.34392,77.21931
18,2013-11-24 22:00:00,2013-11-24 23:00:00,2013-11-24 22:00:00,18.16047,77.08857
19,2013-06-03 18:00:00,2013-06-03 19:00:00,2013-06-03 18:00:00,18.09045,76.97286
20,2013-04-06 19:00:00,2013-04-06 20:00:00,2013-04-06 19:00:00,18.06156,76.98268
21,2013-03-28 18:00:00,2013-03-28 19:00:00,2013-03-28 18:00:00,17.18255,76.84139
22,2013-02-25 10:00:00,2013-02-25 11:00:00,2013-02-25 10:00:00,17.27669,76.81698
23,2013-02-19 22:00:00,2013-02-19 23:00:00,2013-02-19 22:00:00,17.36902,76.85137
24,2013-07-22 12:00:00,2013-07-22 13:00:00,2013-07-22 12:00:00,17.10189,76.96718
25,2013-02-09 20:00:00,2013-02-09 21:00:00,2013-02-09 20:00:00,17.3205,76.74814
26,2013-12-16 19:00:00,2013-12-16 20:00:00,2013-12-16 19:00:00,17.11936,76.68161
27,2013-12-06 19:00:00,2013-12-06 20:00:00,2013-12-06 19:00:00,17.32658,77.07376
28,2013-08-04 21:00:00,2013-08-04 22:00:00,2013-08-04 21:00:00,17.37814,76.67922
29,2013-10-08 17:00:00,2013-10-08 18:00:00,2013-10-08 17:00:00,17.25762,76.67463
30,2013-05-23 01:00:00,2013-05-23 02:00:00,2013-05-23 01:00:00,17.16774,77.13952
31,2013-08-04 22:00:00,2013-08-04 23:00:00,2013-08-04 22:00:00,17.09884,76.85576
32,2013-03-16 17:00:00,2013-03-16 18:00:00,2013-03-16 17:00:00,17.0608,76.80859
33,2013-09-02 20:00:00,2013-09-02 21:00:00,2013-09-02 20:00:00,17.09897,76.86808
34,2013-09-05 09:00:00,2013-09-05 10:00:00,2013-09-05 09:00:00,17.38682,76.75373
35,2013-03-16 18:00:00,2013-03-16 19:00:00,2013-03-16 18:00:00,17.35366,76.77455
36,2013-10-19 11:00:00,2013-10-19 12:00:00,2013-10-19 11:00:00,17.41803,76.82786
37,2013-01-05 15:00:00,2013-01-05 16:00:00,2013-01-05 15:00:00,17.01877,76.82606
38,2013-09-13 20:00:00,2013-09-13 21:00:00,2013-09-13 20:00:00,17.44784,76.7653
39,2013-04-17 14:00:00,2013-04-17 15:00:00,2013-04-17 14:00:00,17.02637,76.95623
40,2013-03-03 18:00:00,2013-03-03 19:00:00,2013-03-03 18:00:00,17.09489,76.88189
41,2013-07-28 18:00:00,2013-07-28 19:00:00,2013-07-28 18:00:00,16.23953,74.61583
42,2013-08-23 03:00:00,2013-08-23 04:00:00,2013-08-23 03:00:00,16.13539,74.91481
43,2013-05-02 22:00:00,2013-05-02 23:00:00,2013-05-02 22:00:00,16.14714,74.65543
44,2013-03-26 10:00:00,2013-03-26 11:00:00,2013-03-26 10:00:00,16.13275,74.73582
45,2013-04-19 00:00:00,2013-04-19 01:00:00,2013-04-19 00:00:00,16.14391,74.84819
46,2013-01-02 15:00:00,2013-01-02 16:00:00,2013-01-02 15:00:00,16.49836,74.75688
47,2013-07-04 16:00:00,2013-07-04 17:00:00,2013-07-04 16:00:00,16.20928,74.68363
48,2013-02-24 06:00:00,2013-02-24 07:00:00,2013-02-24 06:00:00,16.16761,74.46794
49,2013-05-19 13:00:00,2013-05-19 14:00:00,2013-05-19 13:00:00,16.21346,74.92715
50,2013-10-22 21:00:00,2013-10-22 22:00:00,2013-10-22 21:00:00,16.11632,74.8113
51,2013-08-20 18:00:00,2013-08-20 19:00:00,2013-08-20 18:00:00,16.06875,74.80515
52,2013-02-01 11:00:00,2013-02-01 12:00:00,2013-02-01 11:00:00,16.01838,74.76242
53,2013-06-06 14:00:00,2013-06-06 15:00:00,2013-06-06 14:00:00,16.25854,74.54906
54,2013-04-04 20:00:00,2013-04-04 21:00:00,2013-04-04 20:00:00,16.25243,74.84403
55,2013-06-17 17:00:00,2013-06-17 18:00:00,2013-06-17 17:00:00,16.34726,74.83967
56,2013-06-23 15:00:00,2013-06-23 16:00:00,2013-06-23 15:00:00,16.38718,74.87619
57,2013-10-28 20:00:00,2013-10-28 21:00:00,2013-10-28 20:00:00,16.22683,74.8131
58,2013-09-03 23:00:00,2013-09-03 23:00:00,2013-09-03 23:00:00,16.08613,74.6263
59,2013-01-22 21:00:00,2013-01-22 22:00:00,2013-01-22 21:00:00,16.04671,74.99291
60,2013-04-10 10:00:00,2013-04-10 11:00:00,2013-04-10 10:00:00,16.46193,74.69952
61,2013-08-20 20:00:00,2013-08-20 21:00:00,2013-08-20 20:00:00,16.43871,76.91636
62,2013-05-24 23:00:00,2013-05-24 23:00:00,2013-05-24 23:00:00,16.93972,76.9959
63,2013-04-02 01:00:00,2013-04-02 02:00:00,2013-04-02 01:00:00,16.74429,76.64493
64,2013-12-15 21:00:00,2013-12-15 22:00:00,2013-12-15 21:00:00,16.78393,76.86992
65,2013-08-12 08:00:00,2013-08-12 09:00:00,2013-08-12 08:00:00,16.41549,77.05123
66,2013-11-12 10:00:00,2013-11-12 11:00:00,2013-11-12 10:00:00,16.4059,77.265
67,2013-05-23 07:00:00,2013-05-23 08:00:00,2013-05-23 07:00:00,16.15313,77.14479
68,2013-04-26 10:00:00,2013-04-26 11:00:00,2013-04-26 10:00:00,16.84097,77.18382
69,2013-02-05 20:00:00,2013-02-05 21:00:00,2013-02-05 20:00:00,16.88514,76.92755
70,2013-02-09 21:00:00,2013-02-09 22:00:00,2013-02-09 21:00:00,16.7917,77.34502
71,2013-11-25 05:00:00,2013-11-25 06:00:00,2013-11-25 05:00:00,16.45344,76.85946
72,2013-12-11 11:00:00,2013-12-11 12:00:00,2013-12-11 11:00:00,16.62766,76.65101
73,2013-03-27 22:00:00,2013-03-27 23:00:00,2013-03-27 22:00:00,16.56092,77.15287
74,2013-07-05 20:00:00,2013-07-05 21:00:00,2013-07-05 20:00:00,16.84993,76.79348
75,2013-03-04 17:00:00,2013-03-04 18:00:00,2013-03-04 17:00:00,16.43532,77.14327
76,2013-10-11 08:00:00,2013-10-11 09:00:00,2013-10-11 08:00:00,16.9146,77.38404
77,2013-11-26 11:00:00,2013-11-26 12:00:00,2013-11-26 11:00:00,16.86623,76.93043
78,2013-07-23 14:00:00,2013-07-23 15:00:00,2013-07-23 14:00:00,16.71311,77.14818
79,2013-05-20 20:00:00,2013-05-20 21:00:00,2013-05-20 20:00:00,16.25925,77.00705
80,2013-09-13 17:00:00,2013-09-13 18:00:00,2013-09-13 17:00:00,16.78626,76.86954
81,2013-08-09 20:00:00,2013-08-09 21:00:00,2013-08-09 20:00:00,16.19524,75.71946
82,2013-04-01 15:00:00,2013-04-01 16:00:00,2013-04-01 15:00:00,16.15979,75.76322
83,2013-12-04 19:00:00,2013-12-04 20:00:00,2013-12-04 19:00:00,15.92298,75.35521
84,2013-04-19 21:00:00,2013-04-19 22:00:00,2013-04-19 21:00:00,16.07433,75.62433
85,2013-12-07 20:00:00,2013-12-07 21:00:00,2013-12-07 20:00:00,16.1248,75.62322
86,2013-07-17 23:00:00,2013-07-17 23:00:00,2013-07-17 23:00:00,16.47702,75.96478
87,2013-11-14 01:00:00,2013-11-14 02:00:00,2013-11-14 01:00:00,15.88601,75.3981
88,2013-05-08 08:00:00,2013-05-08 09:00:00,2013-05-08 08:00:00,16.27195,75.40861
89,2013-07-18 17:00:00,2013-07-18 18:00:00,2013-07-18 17:00:00,15.7394,75.65802
90,2013-02-15 12:00:00,2013-02-15 13:00:00,2013-02-15 12:00:00,16.20812,75.58847
91,2013-01-07 11:00:00,2013-01-07 12:00:00,2013-01-07 11:00:00,16.54555,75.48878
92,2013-08-15 16:00:00,2013-08-15 17:00:00,2013-08-15 16:00:00,16.53525,75.90837
93,2013-07-19 12:00:00,2013-07-19 13:00:00,2013-07-19 12:00:00,16.26186,75.48327
94,2013-02-27 16:00:00,2013-02-27 17:00:00,2013-02-27 16:00:00,16.03401,75.40933
95,2013-05-01 11:00:00,2013-05-01 12:00:00,2013-05-01 11:00:00,15.92021,75.64278
96,2013-02-21 20:00:00,2013-02-21 21:00:00,2013-02-21 20:00:00,16.39922,75.63411
97,2013-04-07 21:00:00,2013-04-07 22:00:00,2013-04-07 21:00:00,16.36761,75.50343
98,2013-10-08 11:00:00,2013-10-08 12:00:00,2013-10-08 11:00:00,15.88332,75.51954
99,2013-05-26 01:00:00,2013-05-26 02:00:00,2013-05-26 01:00:00,16.35337,75.63758
100,2013-01-10 07:00:00,2013-01-10 08:00:00,2013-01-10 07:00:00,15.91305,75.7384
101,2013-10-07 07:00:00,2013-10-07 08:00:00,2013-10-07 07:00:00,15.94385,76.78009
102,2013-10-16 04:00:00,2013-10-16 05:00:00,2013-10-16 04:00:00,15.94001,76.7924
103,2013-06-26 18:00:00,2013-06-26 19:00:00,2013-06-26 18:00:00,16.0909,76.9
104,2013-05-11 08:00:00,2013-05-11 09:00:00,2013-05-11 08:00:00,16.00734,76.92031
105,2013-03-18 10:00:00,2013-03-18 11:00:00,2013-03-18 10:00:00,16.2217,77.0633
106,2013-09-06 20:00:00,2013-09-06 21:00:00,2013-09-06 20:00:00,16.04151,76.96931
107,2013-04-10 11:00:00,2013-04-10 12:00:00,2013-04-10 11:00:00,16.22678,76.99384
108,2013-08-05 22:00:00,2013-08-05 23:00:00,2013-08-05 22:00:00,16.16524,77.03836
109,2013-02-19 16:00:00,2013-02-19 17:00:00,2013-02-19 16:00:00,16.32025,77.07189
110,2013-12-19 09:00:00,2013-12-19 10:00:00,2013-12-19 09:00:00,15.99338,76.59522
111,2013-03-25 20:00:00,2013-03-25 21:00:00,2013-03-25 20:00:00,16.19174,76.5406
112,2013-05-23 16:00:00,2013-05-23 17:00:00,2013-05-23 16:00:00,16.25345,76.83034
113,2013-01-02 21:00:00,2013-01-02 22:00:00,2013-01-02 21:00:00,16.33903,77.05415
114,2013-02-01 06:00:00,2013-02-01 07:00:00,2013-02-01 06:00:00,16.12669,76.9529
115,2013-11-05 18:00:00,2013-11-05 19:00:00,2013-11-05 18:00:00,16.29923,76.97597
116,2013-10-24 16:00:00,2013-10-24 17:00:00,2013-10-24 16:00:00,15.89515,76.7162
117,2013-03-13 22:00:00,2013-03-13 23:00:00,2013-03-13 22:00:00,16.24503,76.73101
118,2013-04-26 05:00:00,2013-04-26 06:00:00,2013-04-26 05:00:00,16.19173,77.00804
119,2013-11-24 18:00:00,2013-11-24 19:00:00,2013-11-24 18:00:00,16.12352,76.91295
120,2013-07-09 12:00:00,2013-07-09 13:00:00,2013-07-09 12:00:00,15.98843,76.87148
121,2013-01-25 22:00:00,2013-01-25 23:00:00,2013-01-25 22:00:00,15.47272,75.87769
122,2013-09-05 17:00:00,2013-09-05 18:00:00,2013-09-05 17:00:00,15.53957,76.01585
123,2013-03-15 08:00:00,2013-03-15 09:00:00,2013-03-15 08:00:00,15.48411,76.17211
124,2013-05-27 18:00:00,2013-05-27 19:00:00,2013-05-27 18:00:00,15.68399,76.13516
125,2013-02-19 22:00:00,2013-02-19 23:00:00,2013-02-19 22:00:00,15.33755,75.95345
126,2013-03-12 18:00:00,2013-03-12 19:00:00,2013-03-12 18:00:00,15.6665,76.23799
127,2013-06-16 19:00:00,2013-06-16 20:00:00,2013-06-16 19:00:00,15.46677,76.08665
128,2013-09-27 10:00:00,2013-09-27 11:00:00,2013-09-27 10:00:00,15.71086,75.88472
129,2013-06-19 18:00:00,2013-06-19 19:00:00,2013-06-19 18:00:00,15.45417,76.05739
130,2013-06-02 19:00:00,2013-06-02 20:00:00,2013-06-02 19:00:00,15.85451,76.1667
131,2013-11-11 22:00:00,2013-11-11 23:00:00,2013-11-11 22:00:00,15.83696,76.51187
132,2013-10-11 01:00:00,2013-10-11 02:00:00,2013-10-11 01:00:00,16.01225,75.9381
133,2013-04-08 00:00:00,2013-04-08 01:00:00,2013-04-08 00:00:00,15.5919,75.99824
134,2013-03-13 04:00:00,2013-03-13 05:00:00,2013-03-13 04:00:00,15.6774,76.19105
135,2013-11-10 16:00:00,2013-11-10 17:00:00,2013-11-10 16:00:00,15.62277,76.2062
136,2013-07-16 11:00:00,2013-07-16 12:00:00,2013-07-16 11:00:00,15.40905,76.15362
137,2013-02-22 18:00:00,2013-02-22 19:00:00,2013-02-22 18:00:00,15.5328,76.30361
138,2013-08-06 08:00:00,2013-08-06 09:00:00,2013-08-06 08:00:00,15.73571,76.10706
139,2013-10-19 19:00:00,2013-10-19 20:00:00,2013-10-19 19:00:00,15.47863,76.11393
140,2013-12-13 17:00:00,2013-12-13 18:00:00,2013-12-13 17:00:00,15.96981,76.21855
141,2013-04-28 19:00:00,2013-04-28 20:00:00,2013-04-28 19:00:00,15.53513,75.76848
142,2013-07-13 18:00:00,2013-07-13 19:00:00,2013-07-13 18:00:00,15.62034,75.51363
143,2013-03-17 11:00:00,2013-03-17 12:00:00,2013-03-17 11:00:00,15.54798,75.31456
144,2013-11-12 21:00:00,2013-11-12 22:00:00,2013-11-12 21:00:00,15.20582,75.64185
145,2013-10-10 13:00:00,2013-10-10 14:00:00,2013-10-10 13:00:00,15.43664,75.67414
146,2013-10-15 12:00:00,2013-10-15 13:00:00,2013-10-15 12:00:00,15.71278,75.90566
147,2013-07-16 14:00:00,2013-07-16 15:00:00,2013-07-16 14:00:00,15.4817,75.68575
148,2013-05-15 11:00:00,2013-05-15 12:00:00,2013-05-15 11:00:00,15.48475,75.44262
149,2013-09-20 10:00:00,2013-09-20 11:00:00,2013-09-20 10:00:00,16.00851,75.81169
150,2013-05-20 18:00:00,2013-05-20 19:00:00,2013-05-20 18:00:00,15.44621,75.60252
151,2013-01-01 12:00:00,2013-01-01 13:00:00,2013-01-01 12:00:00,15.34986,75.34885
152,2013-12-04 11:00:00,2013-12-04 12:00:00,2013-12-04 11:00:00,15.73766,75.8076
153,2013-12-24 07:00:00,2013-12-24 08:00:00,2013-12-24 07:00:00,15.87136,75.79379
154,2013-12-28 11:00:00,2013-12-28 12:00:00,2013-12-28 11:00:00,15.39509,75.41029
155,2013-08-28 20:00:00,2013-08-28 21:00:00,2013-08-28 20:00:00,15.64998,75.88619
156,2013-08-24 07:00:00,2013-08-24 08:00:00,2013-08-24 07:00:00,15.47219,75.5949
157,2013-10-16 19:00:00,2013-10-16 20:00:00,2013-10-16 19:00:00,15.48305,75.50735
158,2013-04-07 10:00:00,2013-04-07 11:00:00,2013-04-07 10:00:00,15.74174,75.8713
159,2013-08-17 20:00:00,2013-08-17 21:00:00,2013-08-17 20:00:00,15.58283,75.31147
160,2013-12-18 16:00:00,2013-12-18 17:00:00,2013-12-18 16:00:00,15.67643,75.46229
161,2013-04-25 19:00:00,2013-04-25 20:00:00,2013-04-25 19:00:00,15.03016,76.33905
162,2013-11-20 17:00:00,2013-11-20 18:00:00,2013-11-20 17:00:00,15.12145,76.32977
163,2013-06-10 12:00:00,2013-06-10 13:00:00,2013-06-10 12:00:00,15.09931,76.70488
164,2013-01-10 14:00:00,2013-01-10 15:00:00,2013-01-10 14:00:00,15.13061,76.38027
165,2013-05-18 09:00:00,2013-05-18 10:00:00,2013-05-18 09:00:00,15.31509,76.56992
166,2013-02-10 22:00:00,2013-02-10 23:00:00,2013-02-10 22:00:00,15.07776,76.3108
167,2013-12-21 11:00:00,2013-12-21 12:00:00,2013-12-21 11:00:00,14.77346,76.72235
168,2013-03-08 08:00:00,2013-03-08 09:00:00,2013-03-08 08:00:00,14.95598,76.36083
169,2013-02-10 18:00:00,2013-02-10 19:00:00,2013-02-10 18:00:00,14.79556,76.20834
170,2013-08-15 19:00:00,2013-08-15 20:00:00,2013-08-15 19:00:00,14.78649,76.53567
171,2013-10-19 01:00:00,2013-10-19 02:00:00,2013-10-19 01:00:00,14.86981,76.56263
172,2013-10-22 20:00:00,2013-10-22 21:00:00,2013-10-22 20:00:00,15.14361,76.60867
173,2013-01-02 21:00:00,2013-01-02 22:00:00,2013-01-02 21:00:00,15.18719,76.42545
174,2013-06-16 20:00:00,2013-06-16 21:00:00,2013-06-16 20:00:00,15.13514,76.12038
175,2013-08-22 19:00:00,2013-08-22 20:00:00,2013-08-22 19:00:00,14.93754,76.45729
176,2013-10-21 17:00:00,2013-10-21 18:00:00,2013-10-21 17:00:00,15.30002,76.47246
177,2013-05-06 18:00:00,2013-05-06 19:00:00,2013-05-06 18:00:00,15.02296,76.29804
178,2013-10-18 07:00:00,2013-10-18 08:00:00,2013-10-18 07:00:00,15.20629,76.14123
179,2013-07-05 17:00:00,2013-07-05 18:00:00,2013-07-05 17:00:00,15.03889,76.71521
180,2013-05-09 18:00:00,2013-05-09 19:00:00,2013-05-09 18:00:00,15.14955,76.30996
181,2013-06-22 19:00:00,2013-06-22 20:00:00,2013-06-22 19:00:00,15.17495,75.27527
182,2013-07-17 10:00:00,2013-07-17 11:00:00,2013-07-17 10:00:00,15.39165,75.18364
183,2013-04-26 18:00:00,2013-04-26 19:00:00,2013-04-26 18:00:00,15.18281,75.51072
184,2013-04-28 10:00:00,2013-04-28 11:00:00,2013-04-28 10:00:00,15.33183,75.26008
185,2013-09-09 15:00:00,2013-09-09 16:00:00,2013-09-09 15:00:00,15.12951,75.30466
186,2013-03-18 21:00:00,2013-03-18 22:00:00,2013-03-18 21:00:00,15.33277,75.27153
187,2013-04-18 19:00:00,2013-04-18 20:00:00,2013-04-18 19:00:00,15.20031,75.2099
188,2013-11-04 15:00:00,2013-11-04 16:00:00,2013-11-04 15:00:00,15.20566,75.18993
189,2013-05-15 13:00:00,2013-05-15 14:00:00,2013-05-15 13:00:00,15.28242,75.07927
190,2013-08-25 13:00:00,2013-08-25 14:00:00,2013-08-25 13:00:00,15.44193,75.02978
191,2013-10-05 06:00:00,2013-10-05 07:00:00,2013-10-05 06:00:00,15.66278,75.33243
192,2013-09-15 22:00:00,2013-09-15 23:00:00,2013-09-15 22:00:00,15.60048,75.43766
193,2013-03-10 14:00:00,2013-03-10 15:00:00,2013-03-10 14:00:00,15.53733,75.15808
194,2013-09-14 14:00:00,2013-09-14 15:00:00,2013-09-14 14:00:00,15.2676,75.20384
195,2013-08-20 07:00:00,2013-08-20 08:00:00,2013-08-20 07:00:00,15.10541,75.21782
196,2013-08-23 23:00:00,2013-08-23 23:00:00,2013-08-23 23:00:00,15.37986,75.00674
197,2013-08-13 23:00:00,2013-08-13 23:00:00,2013-08-13 23:00:00,15.2852,75.01941
198,2013-10-04 20:00:00,2013-10-04 21:00:00,2013-10-04 20:00:00,15.24826,75.21788
199,2013-06-18 15:00:00,2013-06-18 16:00:00,2013-06-18 15:00:00,15.40753,74.88401
200,2013-10-28 11:00:00,2013-10-28 12:00:00,2013-10-28 11:00:00,15.28606,75.12487
201,2013-04-17 13:00:00,2013-04-17 14:00:00,2013-04-17 13:00:00,14.64298,74.48893
202,2013-06-11 14:00:00,2013-06-11 15:00:00,2013-06-11 14:00:00,14.24138,74.49415
203,2013-09-05 17:00:00,2013-09-05 18:00:00,2013-09-05 17:00:00,14.89331,74.65662
204,2013-02-19 20:00:00,2013-02-19 21:00:00,2013-02-19 20:00:00,14.46864,74.87287
205,2013-04-24 21:00:00,2013-04-24 22:00:00,2013-04-24 21:00:00,14.63317,74.48425
206,2013-02-08 17:00:00,2013-02-08 18:00:00,2013-02-08 17:00:00,14.50199,74.77882
207,2013-12-17 17:00:00,2013-12-17 18:00:00,2013-12-17 17:00:00,14.75925,74.72391
208,2013-08-20 17:00:00,2013-08-20 18:00:00,2013-08-20 17:00:00,14.78731,74.70069
209,2013-10-24 16:00:00,2013-10-24 17:00:00,2013-10-24 16:00:00,15.0041,74.65031
210,2013-11-13 00:00:00,2013-11-13 01:00:00,2013-11-13 00:00:00,14.77628,74.81777
211,2013-06-21 18:00:00,2013-06-21 19:00:00,2013-06-21 18:00:00,14.58614,75.16538
212,2013-10-05 14:00:00,2013-10-05 15:00:00,2013-10-05 14:00:00,14.63383,74.72396
213,2013-10-06 18:00:00,2013-10-06 19:00:00,2013-10-06 18:00:00,14.67373,74.8484
214,2013-03-01 07:00:00,2013-03-01 08:00:00,2013-03-01 07:00:00,14.77499,74.44274
215,2013-04-08 08:00:00,2013-04-08 09:00:00,2013-04-08 08:00:00,15.02434,74.71696
216,2013-01-20 14:00:00,2013-01-20 15:00:00,2013-01-20 14:00:00,14.74338,74.50635
217,2013-11-02 16:00:00,2013-11-02 17:00:00,2013-11-02 16:00:00,14.82132,74.82226
218,2013-04-15 21:00:00,2013-04-15 22:00:00,2013-04-15 21:00:00,14.87727,74.73824
219,2013-03-11 13:00:00,2013-03-11 14:00:00,2013-03-11 13:00:00,14.54253,74.56829
220,2013-08-28 00:00:00,2013-08-28 01:00:00,2013-08-28 00:00:00,14.46737,74.66471
221,2013-10-20 10:00:00,2013-10-20 11:00:00,2013-10-20 10:00:00,14.72429,75.49044
222,2013-05-26 18:00:00,2013-05-26 19:00:00,2013-05-26 18:00:00,14.89862,75.47933
223,2013-09-11 17:00:00,2013-09-11 18:00:00,2013-09-11 17:00:00,14.49009,75.49201
224,2013-07-06 17:00:00,2013-07-06 18:00:00,2013-07-06 17:00:00,14.51109,75.24327
225,2013-08-17 16:00:00,2013-08-17 17:00:00,2013-08-17 16:00:00,14.8582,75.54361
226,2013-06-15 21:00:00,2013-06-15 22:00:00,2013-06-15 21:00:00,14.83277,75.37556
227,2013-05-04 08:00:00,2013-05-04 09:00:00,2013-05-04 08:00:00,14.99794,75.44482
228,2013-11-02 15:00:00,2013-11-02 16:00:00,2013-11-02 15:00:00,14.81735,75.45629
229,2013-02-27 17:00:00,2013-02-27 18:00:00,2013-02-27 17:00:00,14.85555,75.18891
230,2013-01-03 15:00:00,2013-01-03 16:00:00,2013-01-03 15:00:00,14.62839,75.44641
231,2013-03-16 10:00:00,2013-03-16 11:00:00,2013-03-16 10:00:00,14.66667,75.52082
232,2013-02-20 22:00:00,2013-02-20 23:00:00,2013-02-20 22:00:00,15.00311,75.60872
233,2013-11-10 20:00:00,2013-11-10 21:00:00,2013-11-10 20:00:00,15.10317,75.23926
234,2013-11-11 17:00:00,2013-11-11 18:00:00,2013-11-11 17:00:00,14.73665,75.2648
235,2013-03-03 18:00:00,2013-03-03 19:00:00,2013-03-03 18:00:00,14.96406,75.64342
236,2013-10-12 22:00:00,2013-10-12 23:00:00,2013-10-12 22:00:00,14.81898,75.43271
237,2013-01-11 11:00:00,2013-01-11 12:00:00,2013-01-11 11:00:00,14.75251,75.41829
238,2013-03-19 15:00:00,2013-03-19 16:00:00,2013-03-19 15:00:00,15.23761,75.5788
239,2013-12-05 21:00:00,2013-12-05 22:00:00,2013-12-05 21:00:00,14.69243,75.29406
240,2013-02-02 19:00:00,2013-02-02 20:00:00,2013-02-02 19:00:00,14.85537,75.56367
241,2013-02-21 15:00:00,2013-02-21 16:00:00,2013-02-21 15:00:00,13.8061,76.72222
242,2013-03-21 17:00:00,2013-03-21 18:00:00,2013-03-21 17:00:00,14.21813,76.57576
243,2013-01-02 18:00:00,2013-01-02 19:00:00,2013-01-02 18:00:00,14.24282,76.46306
244,2013-06-11 22:00:00,2013-06-11 23:00:00,2013-06-11 22:00:00,14.23997,76.42405
245,2013-11-15 05:00:00,2013-11-15 06:00:00,2013-11-15 05:00:00,14.29911,76.48383
246,2013-08-22 18:00:00,2013-08-22 19:00:00,2013-08-22 18:00:00,14.44322,76.42683
247,2013-03-27 15:00:00,2013-03-27 16:00:00,2013-03-27 15:00:00,14.05895,76.41147
248,2013-02-04 09:00:00,2013-02-04 10:00:00,2013-02-04 09:00:00,14.26692,76.83763
249,2013-10-10 18:00:00,2013-10-10 19:00:00,2013-10-10 18:00:00,14.05611,76.71722
250,2013-10-12 23:00:00,2013-10-12 23:00:00,2013-10-12 23:00:00,14.61337,76.21388
251,2013-12-02 01:00:00,2013-12-02 02:00:00,2013-12-02 01:00:00,14.39584,76.52605
252,2013-10-16 04:00:00,2013-10-16 05:00:00,2013-10-16 04:00:00,14.46852,76.62863
253,2013-11-20 08:00:00,2013-11-20 09:00:00,2013-11-20 08:00:00,14.48149,76.45379
254,2013-10-01 22:00:00,2013-10-01 23:00:00,2013-10-01 22:00:00,14.26536,76.59508
255,2013-11-10 00:00:00,2013-11-10 01:00:00,2013-11-10 00:00:00,14.40057,76.72218
256,2013-12-20 19:00:00,2013-12-20 20:00:00,2013-12-20 19:00:00,14.03264,76.49632
257,2013-09-23 18:00:00,2013-09-23 19:00:00,2013-09-23 18:00:00,14.32009,76.48493
258,2013-09-27 15:00:00,2013-09-27 16:00:00,2013-09-27 15:00:00,14.48772,76.7467
259,2013-05-04 07:00:00,2013-05-04 08:00:00,2013-05-04 07:00:00,14.24604,76.39418
260,2013-09-21 20:00:00,2013-09-21 21:00:00,2013-09-21 20:00:00,14.19911,76.7518
261,2013-12-16 18:00:00,2013-12-16 19:00:00,2013-12-16 18:00:00,14.50754,75.91445
262,2013-08-11 13:00:00,2013-08-11 14:00:00,2013-08-11 13:00:00,14.28387,75.85026
263,2013-08-24 19:00:00,2013-08-24 20:00:00,2013-08-24 19:00:00,14.72495,75.95249
264,2013-02-01 19:00:00,2013-02-01 20:00:00,2013-02-01 19:00:00,14.13766,76.15702
265,2013-11-27 11:00:00,2013-11-27 12:00:00,2013-11-27 11:00:00,14.38267,75.90357
266,2013-06-17 20:00:00,2013-06-17 21:00:00,2013-06-17 20:00:00,14.43333,75.93598
267,2013-02-17 16:00:00,2013-02-17 17:00:00,2013-02-17 16:00:00,14.51435,76.17705
268,2013-06-25 16:00:00,2013-06-25 17:00:00,2013-06-25 16:00:00,14.29127,75.97974
269,2013-10-17 20:00:00,2013-10-17 21:00:00,2013-10-17 20:00:00,14.44904,75.82004
270,2013-08-25 04:00:00,2013-08-25 05:00:00,2013-08-25 04:00:00,14.34048,76.0102
271,2013-03-22 21:00:00,2013-03-22 22:00:00,2013-03-22 21:00:00,14.39498,76.02198
272,2013-12-04 00:00:00,2013-12-04 01:00:00,2013-12-04 00:00:00,14.75655,75.80091
273,2013-06-16 01:00:00,2013-06-16 02:00:00,2013-06-16 01:00:00,14.53418,76.05277
274,2013-02-24 17:00:00,2013-02-24 18:00:00,2013-02-24 17:00:00,14.83045,75.76611
275,2013-09-09 23:00:00,2013-09-09 23:00:00,2013-09-09 23:00:00,14.54245,76.10672
276,2013-11-25 19:00:00,2013-11-25 20:00:00,2013-11-25 19:00:00,14.25174,75.94262
277,2013-01-02 14:00:00,2013-01-02 15:00:00,2013-01-02 14:00:00,14.5407,76.17639
278,2013-10-13 11:00:00,2013-10-13 12:00:00,2013-10-13 11:00:00,14.32581,75.86586
279,2013-05-19 10:00:00,2013-05-19 11:00:00,2013-05-19 10:00:00,14.64679,76.09014
280,2013-11-11 15:00:00,2013-11-11 16:00:00,2013-11-11 15:00:00,14.50408,76.08281
281,2013-04-26 09:00:00,2013-04-26 10:00:00,2013-04-26 09:00:00,14.13255,75.04008
282,2013-02-14 11:00:00,2013-02-14 12:00:00,2013-02-14 11:00:00,14.23949,75.05393
283,2013-12-24 19:00:00,2013-12-24 20:00:00,2013-12-24 19:00:00,14.06399,75.36529
284,2013-12-12 13:00:00,2013-12-12 14:00:00,2013-12-12 13:00:00,14.06351,75.16842
285,2013-04-28 07:00:00,2013-04-28 08:00:00,2013-04-28 07:00:00,14.03038,75.2053
286,2013-12-09 20:00:00,2013-12-09 21:00:00,2013-12-09 20:00:00,13.9003,75.19225
287,2013-10-22 19:00:00,2013-10-22 20:00:00,2013-10-22 19:00:00,13.72889,75.40056
288,2013-01-18 10:00:00,2013-01-18 11:00:00,2013-01-18 10:00:00,13.9139,75.01891
289,2013-08-04 20:00:00,2013-08-04 21:00:00,2013-08-04 20:00:00,14.0664,75.30462
290,2013-02-01 18:00:00,2013-02-01 19:00:00,2013-02-01 18:00:00,13.73128,75.26114
291,2013-01-01 19:00:00,2013-01-01 20:00:00,2013-01-01 19:00:00,14.04408,75.42059
292,2013-07-05 18:00:00,2013-07-05 19:00:00,2013-07-05 18:00:00,14.04013,75.3366
293,2013-01-07 20:00:00,2013-01-07 21:00:00,2013-01-07 20:00:00,14.11797,75.29114
294,2013-02-12 21:00:00,2013-02-12 22:00:00,2013-02-12 21:00:00,14.3172,75.37684
295,2013-06-19 07:00:00,2013-06-19 08:00:00,2013-06-19 07:00:00,14.11757,75.16555
296,2013-11-10 21:00:00,2013-11-10 22:00:00,2013-11-10 21:00:00,14.02519,75.24665
297,2013-05-16 08:00:00,2013-05-16 09:00:00,2013-05-16 08:00:00,14.13159,74.95043
298,2013-02-02 17:00:00,2013-02-02 18:00:00,2013-02-02 17:00:00,13.62007,75.16212
299,2013-05-27 18:00:00,2013-05-27 19:00:00,2013-05-27 18:00:00,14.05062,75.36722
300,2013-05-11 21:00:00,2013-05-11 22:00:00,2013-05-11 21:00:00,13.89871,75.10635
301,2013-12-19 20:00:00,2013-12-19 21:00:00,2013-12-19 20:00:00,13.3283,74.80349
302,2013-07-16 21:00:00,2013-07-16 22:00:00,2013-07-16 21:00:00,13.66169,75.06848
303,2013-12-23 21:00:00,2013-12-23 22:00:00,2013-12-23 21:00:00,13.36764,75.02433
304,2013-01-01 09:00:00,2013-01-01 10:00:00,2013-01-01 09:00:00,13.41737,75.01515
305,2013-09-09 19:00:00,2013-09-09 20:00:00,2013-09-09 19:00:00,13.74526,74.72859
306,2013-09-16 14:00:00,2013-09-16 15:00:00,2013-09-16 14:00:00,13.48792,74.84598
307,2013-11-08 13:00:00,2013-11-08 14:00:00,2013-11-08 13:00:00,13.65112,75.13692
308,2013-11-05 18:00:00,2013-11-05 19:00:00,2013-11-05 18:00:00,13.54111,74.88696
309,2013-11-15 19:00:00,2013-11-15 20:00:00,2013-11-15 19:00:00,13.3875,74.60219
310,2013-09-19 21:00:00,2013-09-19 22:00:00,2013-09-19 21:00:00,13.47943,75.22058
311,2013-10-23 23:00:00,2013-10-23 23:00:00,2013-10-23 23:00:00,13.67309,74.78011
312,2013-07-03 19:00:00,2013-07-03 20:00:00,2013-07-03 19:00:00,13.63674,75.01089
313,2013-12-15 07:00:00,2013-12-15 08:00:00,2013-12-15 07:00:00,13.66766,75.10018
314,2013-08-01 11:00:00,2013-08-01 12:00:00,2013-08-01 11:00:00,13.51861,74.83306
315,2013-12-27 15:00:00,2013-12-27 16:00:00,2013-12-27 15:00:00,13.28247,74.75161
316,2013-12-10 17:00:00,2013-12-10 18:00:00,2013-12-10 17:00:00,13.41965,74.88793
317,2013-09-20 14:00:00,2013-09-20 15:00:00,2013-09-20 14:00:00,13.40457,75.11149
318,2013-01-20 18:00:00,2013-01-20 19:00:00,2013-01-20 18:00:00,13.59418,74.89422
319,2013-01-14 03:00:00,2013-01-14 04:00:00,2013-01-14 03:00:00,13.25927,74.65518
320,2013-03-26 13:00:00,2013-03-26 14:00:00,2013-03-26 13:00:00,13.50794,75.31366
321,2013-12-01 13:00:00,2013-12-01 14:00:00,2013-12-01 13:00:00,13.57042,75.78806
322,2013-08-23 01:00:00,2013-08-23 02:00:00,2013-08-23 01:00:00,13.43214,75.57376
323,2013-05-19 03:00:00,2013-05-19 04:00:00,2013-05-19 03:00:00,13.66453,75.41912
324,2013-08-12 16:00:00,2013-08-12 17:00:00,2013-08-12 16:00:00,13.41399,75.67421
325,2013-04-07 22:00:00,2013-04-07 23:00:00,2013-04-07 22:00:00,13.53207,75.79797
326,2013-02-25 20:00:00,2013-02-25 21:00:00,2013-02-25 20:00:00,13.32231,75.57836
327,2013-10-25 13:00:00,2013-10-25 14:00:00,2013-10-25 13:00:00,13.19008,75.84892
328,2013-04-19 19:00:00,2013-04-19 20:00:00,2013-04-19 19:00:00,13.5955,75.81512
329,2013-09-19 23:00:00,2013-09-19 23:00:00,2013-09-19 23:00:00,13.4124,75.60457
330,2013-02-15 12:00:00,2013-02-15 13:00:00,2013-02-15 12:00:00,13.71172,75.43251
331,2013-06-02 17:00:00,2013-06-02 18:00:00,2013-06-02 17:00:00,13.56675,75.66289
332,2013-04-10 12:00:00,2013-04-10 13:00:00,2013-04-10 12:00:00,13.31348,75.72114
333,2013-09-10 17:00:00,2013-09-10 18:00:00,2013-09-10 17:00:00,13.49651,75.54118
334,2013-06-23 15:00:00,2013-06-23 16:00:00,2013-06-23 15:00:00,13.28841,75.85483
335,2013-06-09 22:00:00,2013-06-09 23:00:00,2013-06-09 22:00:00,13.37977,75.65253
336,2013-06-03 18:00:00,2013-06-03 19:00:00,2013-06-03 18:00:00,13.40927,75.8609
337,2013-10-05 09:00:00,2013-10-05 10:00:00,2013-10-05 09:00:00,13.72873,75.67669
338,2013-08-11 19:00:00,2013-08-11 20:00:00,2013-08-11 19:00:00,13.49751,75.54549
339,2013-06-19 16:00:00,2013-06-19 17:00:00,2013-06-19 16:00:00,13.73911,75.72021
340,2013-01-06 17:00:00,2013-01-06 18:00:00,2013-01-06 17:00:00,13.57236,76.01366
341,2013-11-18 11:00:00,2013-11-18 12:00:00,2013-11-18 11:00:00,13.45399,78.16875
342,2013-01-15 09:00:00,2013-01-15 10:00:00,2013-01-15 09:00:00,13.77186,77.86281
343,2013-04-23 16:00:00,2013-04-23 17:00:00,2013-04-23 16:00:00,13.63037,77.79748
344,2013-11-18 01:00:00,2013-11-18 02:00:00,2013-11-18 01:00:00,13.59886,78.06625
345,2013-04-03 21:00:00,2013-04-03 22:00:00,2013-04-03 21:00:00,13.58461,77.82848
346,2013-07-04 13:00:00,2013-07-04 14:00:00,2013-07-04 13:00:00,13.55506,77.89989
347,2013-10-06 16:00:00,2013-10-06 17:00:00,2013-10-06 16:00:00,13.54584,77.89603
348,2013-10-15 17:00:00,2013-10-15 18:00:00,2013-10-15 17:00:00,13.37754,77.97884
349,2013-03-13 11:00:00,2013-03-13 12:00:00,2013-03-13 11:00:00,13.55928,77.86732
350,2013-11-08 21:00:00,2013-11-08 22:00:00,2013-11-08 21:00:00,13.62518,77.59044
351,2013-09-27 09:00:00,2013-09-27 10:00:00,2013-09-27 09:00:00,13.57705,77.7208
352,2013-06-13 05:00:00,2013-06-13 06:00:00,2013-06-13 05:00:00,13.41693,77.95007
353,2013-08-07 08:00:00,2013-08-07 09:00:00,2013-08-07 08:00:00,13.60518,77.91036
354,2013-12-16 12:00:00,2013-12-16 13:00:00,2013-12-16 12:00:00,13.4453,77.70965
355,2013-01-04 20:00:00,2013-01-04 21:00:00,2013-01-04 20:00:00,13.57694,77.59656
356,2013-12-28 19:00:00,2013-12-28 20:00:00,2013-12-28 19:00:00,13.73967,77.9452
357,2013-11-10 16:00:00,2013-11-10 17:00:00,2013-11-10 16:00:00,13.5363,77.72733
358,2013-10-04 14:00:00,2013-10-04 15:00:00,2013-10-04 14:00:00,13.612,77.75367
359,2013-05-16 17:00:00,2013-05-16 18:00:00,2013-05-16 17:00:00,13.40369,77.84893
360,2013-10-22 13:00:00,2013-10-22 14:00:00,2013-10-22 13:00:00,13.44828,77.67194
361,2013-09-28 18:00:00,2013-09-28 19:00:00,2013-09-28 18:00:00,12.8435,76.16579
362,2013-06-26 12:00:00,2013-06-26 13:00:00,2013-06-26 12:00:00,12.82841,75.86296
363,2013-05-17 17:00:00,2013-05-17 18:00:00,2013-05-17 17:00:00,13.03311,76.1158
364,2013-12-13 20:00:00,2013-12-13 21:00:00,2013-12-13 20:00:00,12.86187,76.40085
365,2013-12-10 20:00:00,2013-12-10 21:00:00,2013-12-10 20:00:00,12.85884,76.14602
366,2013-02-12 22:00:00,2013-02-12 23:00:00,2013-02-12 22:00:00,13.05048,76.10451
367,2013-07-25 18:00:00,2013-07-25 19:00:00,2013-07-25 18:00:00,12.8492,75.85465
368,2013-10-16 17:00:00,2013-10-16 18:00:00,2013-10-16 17:00:00,12.91182,76.3825
369,2013-10-18 03:00:00,2013-10-18 04:00:00,2013-10-18 03:00:00,12.88728,75.84539
370,2013-02-17 05:00:00,2013-02-17 06:00:00,2013-02-17 05:00:00,12.82593,76.51812
371,2013-02-22 09:00:00,2013-02-22 10:00:00,2013-02-22 09:00:00,13.00108,76.01421
372,2013-12-05 18:00:00,2013-12-05 19:00:00,2013-12-05 18:00:00,12.89146,76.1071
373,2013-11-18 16:00:00,2013-11-18 17:00:00,2013-11-18 16:00:00,12.83194,76.19985
374,2013-05-18 17:00:00,2013-05-18 18:00:00,2013-05-18 17:00:00,12.94148,76.19324
375,2013-05-02 17:00:00,2013-05-02 18:00:00,2013-05-02 17:00:00,13.15023,76.00877
376,2013-02-21 19:00:00,2013-02-21 20:00:00,2013-02-21 19:00:00,13.17841,76.24477
377,2013-07-23 00:00:00,2013-07-23 01:00:00,2013-07-23 00:00:00,12.80733,76.08929
378,2013-02-10 20:00:00,2013-02-10 21:00:00,2013-02-10 20:00:00,12.91056,76.24786
379,2013-03-13 21:00:00,2013-03-13 22:00:00,2013-03-13 21:00:00,12.90596,76.17937
380,2013-08-22 07:00:00,2013-08-22 08:00:00,2013-08-22 07:00:00,13.00174,76.04031
381,2013-01-13 09:00:00,2013-01-13 10:00:00,2013-01-13 09:00:00,13.028,78.2668
382,2013-01-02 09:00:00,2013-01-02 10:00:00,2013-01-02 09:00:00,13.0671,78.07229
383,2013-06-24 13:00:00,2013-06-24 14:00:00,2013-06-24 13:00:00,13.17765,77.99842
384,2013-05-24 17:00:00,2013-05-24 18:00:00,2013-05-24 17:00:00,12.87516,78.2352
385,2013-12-07 02:00:00,2013-12-07 03:00:00,2013-12-07 02:00:00,13.13292,78.03072
386,2013-12-24 15:00:00,2013-12-24 16:00:00,2013-12-24 15:00:00,13.00794,78.17016
387,2013-04-27 18:00:00,2013-04-27 19:00:00,2013-04-27 18:00:00,13.1621,78.26853
388,2013-01-18 09:00:00,2013-01-18 10:00:00,2013-01-18 09:00:00,12.96523,77.9226
389,2013-04-24 08:00:00,2013-04-24 09:00:00,2013-04-24 08:00:00,13.11953,78.03976
390,2013-07-04 21:00:00,2013-07-04 22:00:00,2013-07-04 21:00:00,13.12833,78.10569
391,2013-02-18 22:00:00,2013-02-18 23:00:00,2013-02-18 22:00:00,13.12965,78.04663
392,2013-01-04 00:00:00,2013-01-04 01:00:00,2013-01-04 00:00:00,13.07078,78.1709
393,2013-04-04 23:00:00,2013-04-04 23:00:00,2013-04-04 23:00:00,13.26766,78.15634
394,2013-10-27 18:00:00,2013-10-27 19:00:00,2013-10-27 18:00:00,13.06707,78.50927
395,2013-07-24 07:00:00,2013-07-24 08:00:00,2013-07-24 07:00:00,13.12991,78.26007
396,2013-07-03 20:00:00,2013-07-03 21:00:00,2013-07-03 20:00:00,12.99603,78.10993
397,2013-09-14 15:00:00,2013-09-14 16:00:00,2013-09-14 15:00:00,13.15645,78.4913
398,2013-07-05 00:00:00,2013-07-05 01:00:00,2013-07-05 00:00:00,13.15974,78.01212
399,2013-07-27 08:00:00,2013-07-27 09:00:00,2013-07-27 08:00:00,12.79692,78.37128
400,2013-06-21 15:00:00,2013-06-21 16:00:00,2013-06-21 15:00:00,12.95394,77.95823
401,2013-09-25 17:00:00,2013-09-25 18:00:00,2013-09-25 17:00:00,13.04477,77.85091
402,2013-01-05 06:00:00,2013-01-05 07:00:00,2013-01-05 06:00:00,13.21136,77.47828
403,2013-05-25 23:00:00,2013-05-25 23:00:00,2013-05-25 23:00:00,13.36297,77.45298
404,2013-01-24 23:00:00,2013-01-24 23:00:00,2013-01-24 23:00:00,13.25988,77.3751
405,2013-06-03 09:00:00,2013-06-03 10:00:00,2013-06-03 09:00:00,12.97685,78.10522
406,2013-01-25 02:00:00,2013-01-25 03:00:00,2013-01-25 02:00:00,13.1459,77.49924
407,2013-07-16 09:00:00,2013-07-16 10:00:00,2013-07-16 09:00:00,12.95568,77.65276
408,2013-12-24 19:00:00,2013-12-24 20:00:00,2013-12-24 19:00:00,13.16018,77.69879
409,2013-10-01 23:00:00,2013-10-01 23:00:00,2013-10-01 23:00:00,13.09293,77.72603
410,2013-07-10 16:00:00,2013-07-10 17:00:00,2013-07-10 16:00:00,13.33475,77.41322
411,2013-07-07 18:00:00,2013-07-07 19:00:00,2013-07-07 18:00:00,13.22715,77.78891
412,2013-07-22 11:00:00,2013-07-22 12:00:00,2013-07-22 11:00:00,13.21549,77.95828
413,2013-06-17 13:00:00,2013-06-17 14:00:00,2013-06-17 13:00:00,13.26036,77.71256
414,2013-02-19 18:00:00,2013-02-19 19:00:00,2013-02-19 18:00:00,13.00248,77.79273
415,2013-05-03 18:00:00,2013-05-03 19:00:00,2013-05-03 18:00:00,13.4036,77.52594
416,2013-06-21 14:00:00,2013-06-21 15:00:00,2013-06-21 14:00:00,13.44123,77.45677
417,2013-06-04 10:00:00,2013-06-04 11:00:00,2013-06-04 10:00:00,13.22874,77.59197
418,2013-04-09 22:00:00,2013-04-09 23:00:00,2013-04-09 22:00:00,13.31077,77.83114
419,2013-08-06 20:00:00,2013-08-06 21:00:00,2013-08-06 20:00:00,13.50691,77.3573
420,2013-02-01 19:00:00,2013-02-01 20:00:00,2013-02-01 19:00:00,13.18737,77.63679
421,2013-06-28 06:00:00,2013-06-28 07:00:00,2013-06-28 06:00:00,12.7584,75.10472
422,2013-07-09 20:00:00,2013-07-09 21:00:00,2013-07-09 20:00:00,12.7084,74.91762
423,2013-12-03 19:00:00,2013-12-03 20:00:00,2013-12-03 19:00:00,12.64049,75.50542
424,2013-09-17 20:00:00,2013-09-17 21:00:00,2013-09-17 20:00:00,12.9942,75.0528
425,2013-03-15 18:00:00,2013-03-15 19:00:00,2013-03-15 18:00:00,13.01224,75.07726
426,2013-01-15 16:00:00,2013-01-15 17:00:00,2013-01-15 16:00:00,12.81353,75.33476
427,2013-09-04 10:00:00,2013-09-04 11:00:00,2013-09-04 10:00:00,12.77105,75.58984
428,2013-05-28 15:00:00,2013-05-28 16:00:00,2013-05-28 15:00:00,12.92221,75.19751
429,2013-08-28 17:00:00,2013-08-28 18:00:00,2013-08-28 17:00:00,12.825,75.33989
430,2013-08-01 10:00:00,2013-08-01 11:00:00,2013-08-01 10:00:00,12.88737,75.14329
431,2013-12-23 10:00:00,2013-12-23 11:00:00,2013-12-23 10:00:00,12.97269,75.23767
432,2013-10-04 18:00:00,2013-10-04 19:00:00,2013-10-04 18:00:00,12.66269,75.33447
433,2013-10-04 10:00:00,2013-10-04 11:00:00,2013-10-04 10:00:00,12.95294,75.30774
434,2013-08-12 10:00:00,2013-08-12 11:00:00,2013-08-12 10:00:00,12.82573,75.50392
435,2013-03-13 15:00:00,2013-03-13 16:00:00,2013-03-13 15:00:00,12.8851,74.96601
436,2013-06-05 17:00:00,2013-06-05 18:00:00,2013-06-05 17:00:00,12.57487,75.0265
437,2013-10-22 07:00:00,2013-10-22 08:00:00,2013-10-22 07:00:00,12.57018,75.24562
438,2013-02-01 09:00:00,2013-02-01 10:00:00,2013-02-01 09:00:00,13.01233,75.53302
439,2013-11-15 20:00:00,2013-11-15 21:00:00,2013-11-15 20:00:00,12.96439,75.09145
440,2013-07-13 18:00:00,2013-07-13 19:00:00,2013-07-13 18:00:00,12.79917,75.19073
441,2013-10-03 17:00:00,2013-10-03 18:00:00,2013-10-03 17:00:00,13.05747,77.4604
442,2013-01-13 16:00:00,2013-01-13 17:00:00,2013-01-13 16:00:00,12.94284,77.33348
443,2013-09-19 14:00:00,2013-09-19 15:00:00,2013-09-19 14:00:00,13.19459,77.66066
444,2013-12-27 15:00:00,2013-12-27 16:00:00,2013-12-27 15:00:00,12.69733,77.85708
445,2013-09-07 11:00:00,2013-09-07 12:00:00,2013-09-07 11:00:00,13.1029,77.75818
446,2013-01-08 13:00:00,2013-01-08 14:00:00,2013-01-08 13:00:00,12.94662,77.67724
447,2013-09-15 20:00:00,2013-09-15 21:00:00,2013-09-15 20:00:00,12.6922,77.69644
448,2013-05-12 01:00:00,2013-05-12 02:00:00,2013-05-12 01:00:00,12.90429,77.69967
449,2013-09-11 21:00:00,2013-09-11 22:00:00,2013-09-11 21:00:00,13.08361,77.52913
450,2013-12-09 02:00:00,2013-12-09 03:00:00,2013-12-09 02:00:00,12.94707,77.57454
451,2013-07-10 04:00:00,2013-07-10 05:00:00,2013-07-10 04:00:00,13.00712,77.69036
452,2013-07-27 22:00:00,2013-07-27 23:00:00,2013-07-27 22:00:00,12.71538,77.46278
453,2013-04-27 12:00:00,2013-04-27 13:00:00,2013-04-27 12:00:00,12.60519,77.41872
454,2013-04-19 19:00:00,2013-04-19 20:00:00,2013-04-19 19:00:00,13.13956,77.16365
455,2013-08-01 21:00:00,2013-08-01 22:00:00,2013-08-01 21:00:00,13.0018,77.72337
456,2013-06-19 12:00:00,2013-06-19 13:00:00,2013-06-19 12:00:00,12.85932,77.53076
457,2013-01-19 08:00:00,2013-01-19 09:00:00,2013-01-19 08:00:00,12.71883,77.44681
458,2013-03-02 19:00:00,2013-03-02 20:00:00,2013-03-02 19:00:00,13.02055,77.33916
459,2013-02-08 23:00:00,2013-02-08 23:00:00,2013-02-08 23:00:00,12.87435,77.50267
460,2013-05-04 20:00:00,2013-05-04 21:00:00,2013-05-04 20:00:00,12.84304,77.22815
461,2013-01-14 21:00:00,2013-01-14 22:00:00,2013-01-14 21:00:00,13.12045,77.72653
462,2013-02-17 18:00:00,2013-02-17 19:00:00,2013-02-17 18:00:00,13.08456,77.37089
463,2013-11-16 21:00:00,2013-11-16 22:00:00,2013-11-16 21:00:00,12.69336,77.59285
464,2013-08-27 18:00:00,2013-08-27 19:00:00,2013-08-27 18:00:00,12.98108,77.4044
465,2013-01-10 12:00:00,2013-01-10 13:00:00,2013-01-10 12:00:00,12.81147,77.61557
466,2013-09-13 23:00:00,2013-09-13 23:00:00,2013-09-13 23:00:00,12.99203,77.48989
467,2013-12-04 01:00:00,2013-12-04 02:00:00,2013-12-04 01:00:00,12.97867,77.43517
468,2013-10-28 09:00:00,2013-10-28 10:00:00,2013-10-28 09:00:00,12.86467,77.70985
469,2013-08-24 13:00:00,2013-08-24 14:00:00,2013-08-24 13:00:00,12.79728,77.67475
470,2013-08-17 13:00:00,2013-08-17 14:00:00,2013-08-17 13:00:00,12.88368,77.37505
471,2013-12-16 12:00:00,2013-12-16 13:00:00,2013-12-16 12:00:00,12.60337,77.55034
472,2013-09-14 08:00:00,2013-09-14 09:00:00,2013-09-14 08:00:00,12.81025,77.65832
473,2013-04-11 15:00:00,2013-04-11 16:00:00,2013-04-11 15:00:00,13.14758,77.46606
474,2013-01-07 12:00:00,2013-01-07 13:00:00,2013-01-07 12:00:00,12.87293,77.87214
475,2013-09-19 07:00:00,2013-09-19 08:00:00,2013-09-19 07:00:00,12.82207,77.45487
476,2013-01-11 15:00:00,2013-01-11 16:00:00,2013-01-11 15:00:00,13.2924,77.7778
477,2013-05-23 22:00:00,2013-05-23 23:00:00,2013-05-23 22:00:00,13.02552,77.71315
478,2013-01-19 16:00:00,2013-01-19 17:00:00,2013-01-19 16:00:00,12.89222,77.64508
479,2013-01-20 01:00:00,2013-01-20 02:00:00,2013-01-20 01:00:00,12.99121,77.52211
480,2013-06-23 20:00:00,2013-06-23 21:00:00,2013-06-23 20:00:00,13.14633,77.98849
481,2013-12-17 17:00:00,2013-12-17 18:00:00,2013-12-17 17:00:00,12.72727,77.70167
482,2013-01-07 19:00:00,2013-01-07 20:00:00,2013-01-07 19:00:00,12.80353,77.44354
483,2013-04-09 10:00:00,2013-04-09 11:00:00,2013-04-09 10:00:00,12.99291,77.51226
484,2013-11-26 18:00:00,2013-11-26 19:00:00,2013-11-26 18:00:00,12.88332,77.72113
485,2013-07-22 13:00:00,2013-07-22 14:00:00,2013-07-22 13:00:00,12.88289,77.55686
486,2013-08-19 20:00:00,2013-08-19 21:00:00,2013-08-19 20:00:00,12.76671,77.50046
487,2013-10-25 22:00:00,2013-10-25 23:00:00,2013-10-25 22:00:00,13.06959,77.7605
488,2013-03-22 19:00:00,2013-03-22 20:00:00,2013-03-22 19:00:00,12.65852,77.48473
489,2013-11-24 21:00:00,2013-11-24 22:00:00,2013-11-24 21:00:00,13.06885,77.42428
490,2013-02-11 11:00:00,2013-02-11 12:00:00,2013-02-11 11:00:00,12.84338,77.64608
491,2013-02-21 18:00:00,2013-02-21 19:00:00,2013-02-21 18:00:00,13.10599,77.35947
492,2013-09-12 19:00:00,2013-09-12 20:00:00,2013-09-12 19:00:00,12.99528,77.64383
493,2013-08-12 21:00:00,2013-08-12 22:00:00,2013-08-12 21:00:00,13.12435,77.64597
494,2013-09-04 09:00:00,2013-09-04 10:00:00,2013-09-04 09:00:00,12.98139,77.64266
495,2013-12-03 16:00:00,2013-12-03 17:00:00,2013-12-03 16:00:00,12.79926,77.77294
496,2013-07-09 10:00:00,2013-07-09 11:00:00,2013-07-09 10:00:00,12.91311,77.30133
497,2013-06-08 00:00:00,2013-06-08 01:00:00,2013-06-08 00:00:00,13.03997,77.63038
498,2013-12-06 10:00:00,2013-12-06 11:00:00,2013-12-06 10:00:00,12.86136,77.47016
499,2013-01-25 14:00:00,2013-01-25 15:00:00,2013-01-25 14:00:00,13.11973,77.54501
500,2013-06-25 16:00:00,2013-06-25 17:00:00,2013-06-25 16:00:00,12.98773,77.91567
501,2013-01-18 13:00:00,2013-01-18 14:00:00,2013-01-18 13:00:00,13.04915,77.341
502,2013-12-25 16:00:00,2013-12-25 17:00:00,2013-12-25 16:00:00,12.06255,75.49448
503,2013-06-14 19:00:00,2013-06-14 20:00:00,2013-06-14 19:00:00,12.3903,75.72063
504,2013-03-17 19:00:00,2013-03-17 20:00:00,2013-03-17 19:00:00,12.41231,75.90413
505,2013-03-19 17:00:00,2013-03-19 18:00:00,2013-03-19 17:00:00,12.59118,75.80586
506,2013-02-11 00:00:00,2013-02-11 01:00:00,2013-02-11 00:00:00,12.45649,75.90177
507,2013-09-28 16:00:00,2013-09-28 17:00:00,2013-09-28 16:00:00,12.42152,75.47001
508,2013-02-05 09:00:00,2013-02-05 10:00:00,2013-02-05 09:00:00,12.38322,75.78632
509,2013-01-19 11:00:00,2013-01-19 12:00:00,2013-01-19 11:00:00,12.12547,75.94262
510,2013-11-10 16:00:00,2013-11-10 17:00:00,2013-11-10 16:00:00,12.42178,75.99077
511,2013-08-11 22:00:00,2013-08-11 23:00:00,2013-08-11 22:00:00,12.31047,75.6427
512,2013-07-26 09:00:00,2013-07-26 10:00:00,2013-07-26 09:00:00,12.48363,75.87704
513,2013-06-27 12:00:00,2013-06-27 13:00:00,2013-06-27 12:00:00,12.43409,75.61953
514,2013-04-20 09:00:00,2013-04-20 10:00:00,2013-04-20 09:00:00,12.12418,75.7885
515,2013-02-16 22:00:00,2013-02-16 23:00:00,2013-02-16 22:00:00,12.61639,75.99333
516,2013-12-23 21:00:00,2013-12-23 22:00:00,2013-12-23 21:00:00,12.41176,75.3936
517,2013-09-12 02:00:00,2013-09-12 03:00:00,2013-09-12 02:00:00,12.61002,75.81176
518,2013-04-25 17:00:00,2013-04-25 18:00:00,2013-04-25 17:00:00,12.65704,75.90197
519,2013-07-05 10:00:00,2013-07-05 11:00:00,2013-07-05 10:00:00,12.43303,75.90778
520,2013-02-11 12:00:00,2013-02-11 13:00:00,2013-02-11 12:00:00,12.69184,75.52733
521,2013-04-25 13:00:00,2013-04-25 14:00:00,2013-04-25 13:00:00,12.22462,75.9947
522,2013-05-20 21:00:00,2013-05-20 22:00:00,2013-05-20 21:00:00,11.85849,77.27265
523,2013-08-14 23:00:00,2013-08-14 23:00:00,2013-08-14 23:00:00,12.1021,76.86433
524,2013-10-07 19:00:00,2013-10-07 20:00:00,2013-10-07 19:00:00,12.11467,77.15705
525,2013-09-17 18:00:00,2013-09-17 19:00:00,2013-09-17 18:00:00,11.68575,76.86563
526,2013-08-28 17:00:00,2013-08-28 18:00:00,2013-08-28 17:00:00,11.85402,77.20744
527,2013-11-28 18:00:00,2013-11-28 19:00:00,2013-11-28 18:00:00,11.87317,77.18218
528,2013-09-07 09:00:00,2013-09-07 10:00:00,2013-09-07 09:00:00,12.1314,77.20819
529,2013-12-05 10:00:00,2013-12-05 11:00:00,2013-12-05 10:00:00,11.59372,76.91916
530,2013-02-02 17:00:00,2013-02-02 18:00:00,2013-02-02 17:00:00,11.98219,76.93236
531,2013-11-09 14:00:00,2013-11-09 15:00:00,2013-11-09 14:00:00,11.98089,76.9968
532,2013-05-02 12:00:00,2013-05-02 13:00:00,2013-05-02 12:00:00,11.73154,77.24862
533,2013-07-14 20:00:00,2013-07-14 21:00:00,2013-07-14 20:00:00,12.05004,77.04658
534,2013-10-27 15:00:00,2013-10-27 16:00:00,2013-10-27 15:00:00,11.77908,76.93271
535,2013-01-12 19:00:00,2013-01-12 20:00:00,2013-01-12 19:00:00,11.87548,76.88272
536,2013-12-15 20:00:00,2013-12-15 21:00:00,2013-12-15 20:00:00,12.05089,76.92105
537,2013-02-11 20:00:00,2013-02-11 21:00:00,2013-02-11 20:00:00,11.8606,77.17987
538,2013-06-01 22:00:00,2013-06-01 23:00:00,2013-06-01 22:00:00,12.14087,77.15648
539,2013-06-18 08:00:00,2013-06-18 09:00:00,2013-06-18 08:00:00,11.92744,77.08824
540,2013-08-21 21:00:00,2013-08-21 22:00:00,2013-08-21 21:00:00,12.01314,76.93722
541,2013-06-08 14:00:00,2013-06-08 15:00:00,2013-06-08 14:00:00,11.91517,77.1563
542,2013-12-06 16:00:00,2013-12-06 17:00:00,2013-12-06 16:00:00,13.58254,76.9189
543,2013-03-28 18:00:00,2013-03-28 19:00:00,2013-03-28 18:00:00,13.55604,77.09904
544,2013-02-06 18:00:00,2013-02-06 19:00:00,2013-02-06 18:00:00,14.05994,77.04424
545,2013-08-01 16:00:00,2013-08-01 17:00:00,2013-08-01 16:00:00,13.32623,76.77935
546,2013-08-07 10:00:00,2013-08-07 11:00:00,2013-08-07 10:00:00,13.60852,76.99434
547,2013-04-10 08:00:00,2013-04-10 09:00:00,2013-04-10 08:00:00,13.75421,76.98131
548,2013-01-02 02:00:00,2013-01-02 03:00:00,2013-01-02 02:00:00,13.75009,77.0065
549,2013-12-04 09:00:00,2013-12-04 10:00:00,2013-12-04 09:00:00,13.60964,77.03206
550,2013-11-10 17:00:00,2013-11-10 18:00:00,2013-11-10 17:00:00,13.68771,77.35471
551,2013-02-04 04:00:00,2013-02-04 05:00:00,2013-02-04 04:00:00,13.74913,77.27727
552,2013-04-03 20:00:00,2013-04-03 21:00:00,2013-04-03 20:00:00,13.41895,76.97585
553,2013-01-22 17:00:00,2013-01-22 18:00:00,2013-01-22 17:00:00,13.84539,76.9286
554,2013-01-28 19:00:00,2013-01-28 20:00:00,2013-01-28 19:00:00,13.30892,77.15167
555,2013-10-02 13:00:00,2013-10-02 14:00:00,2013-10-02 13:00:00,13.70247,76.78706
556,2013-06-08 15:00:00,2013-06-08 16:00:00,2013-06-08 15:00:00,13.73607,77.21868
557,2013-06-07 20:00:00,2013-06-07 21:00:00,2013-06-07 20:00:00,13.75205,76.97945
558,2013-06-15 19:00:00,2013-06-15 20:00:00,2013-06-15 19:00:00,13.33627,76.9581
559,2013-08-01 14:00:00,2013-08-01 15:00:00,2013-08-01 14:00:00,13.54129,76.89087
560,2013-10-17 12:00:00,2013-10-17 13:00:00,2013-10-17 12:00:00,13.56567,76.71372
561,2013-08-16 17:00:00,2013-08-16 18:00:00,2013-08-16 17:00:00,13.54329,77.12351
562,2013-05-09 10:00:00,2013-05-09 11:00:00,2013-05-09 10:00:00,12.60256,77.37145
563,2013-09-28 12:00:00,2013-09-28 13:00:00,2013-09-28 12:00:00,12.93235,77.31099
564,2013-02-01 19:00:00,2013-02-01 20:00:00,2013-02-01 19:00:00,12.72034,77.06011
565,2013-01-14 22:00:00,2013-01-14 23:00:00,2013-01-14 22:00:00,12.79441,77.2051
566,2013-04-09 09:00:00,2013-04-09 10:00:00,2013-04-09 09:00:00,12.88794,77.47484
567,2013-11-09 00:00:00,2013-11-09 01:00:00,2013-11-09 00:00:00,12.74566,77.41074
568,2013-02-19 17:00:00,2013-02-19 18:00:00,2013-02-19 17:00:00,12.74039,77.62294
569,2013-07-15 22:00:00,2013-07-15 23:00:00,2013-07-15 22:00:00,12.8856,77.18636
570,2013-05-27 13:00:00,2013-05-27 14:00:00,2013-05-27 13:00:00,12.95835,77.26158
571,2013-05-21 00:00:00,2013-05-21 01:00:00,2013-05-21 00:00:00,12.88693,77.50725
572,2013-06-21 18:00:00,2013-06-21 19:00:00,2013-06-21 18:00:00,13.13456,77.10103
573,2013-02-17 17:00:00,2013-02-17 18:00:00,2013-02-17 17:00:00,12.54728,77.33007
574,2013-08-11 22:00:00,2013-08-11 23:00:00,2013-08-11 22:00:00,12.60738,77.19635
575,2013-07-03 18:00:00,2013-07-03 19:00:00,2013-07-03 18:00:00,12.57663,77.52102
576,2013-06-05 16:00:00,2013-06-05 17:00:00,2013-06-05 16:00:00,12.66243,77.55199
577,2013-02-05 03:00:00,2013-02-05 04:00:00,2013-02-05 03:00:00,12.87713,77.47627
578,2013-01-21 10:00:00,2013-01-21 11:00:00,2013-01-21 10:00:00,12.74992,77.28531
579,2013-01-07 09:00:00,2013-01-07 10:00:00,2013-01-07 09:00:00,12.78818,77.50223
580,2013-06-09 12:00:00,2013-06-09 13:00:00,2013-06-09 12:00:00,12.58312,77.4626
581,2013-01-21 13:00:00,2013-01-21 14:00:00,2013-01-21 13:00:00,12.61897,77.17033
582,2013-01-02 18:00:00,2013-01-02 19:00:00,2013-01-02 18:00:00,12.28279,76.8156
583,2013-07-18 20:00:00,2013-07-18 21:00:00,2013-07-18 20:00:00,12.76115,76.75585
584,2013-08-12 13:00:00,2013-08-12 14:00:00,2013-08-12 13:00:00,12.594,76.72082
585,2013-12-06 16:00:00,2013-12-06 17:00:00,2013-12-06 16:00:00,12.70815,76.64254
586,2013-11-23 19:00:00,2013-11-23 20:00:00,2013-11-23 19:00:00,12.62773,76.63045
587,2013-09-26 21:00:00,2013-09-26 22:00:00,2013-09-26 21:00:00,12.6538,76.86671
588,2013-12-20 13:00:00,2013-12-20 14:00:00,2013-12-20 13:00:00,12.535,76.96139
589,2013-01-13 15:00:00,2013-01-13 16:00:00,2013-01-13 15:00:00,12.76373,76.85523
590,2013-07-04 10:00:00,2013-07-04 11:00:00,2013-07-04 10:00:00,12.66788,76.81614
591,2013-10-11 01:00:00,2013-10-11 02:00:00,2013-10-11 01:00:00,12.36576,76.91903
592,2013-03-05 06:00:00,2013-03-05 07:00:00,2013-03-05 06:00:00,12.56072,76.42403
593,2013-11-12 05:00:00,2013-11-12 06:00:00,2013-11-12 05:00:00,12.39627,76.84094
594,2013-04-05 01:00:00,2013-04-05 02:00:00,2013-04-05 01:00:00,12.50171,77.0627
595,2013-03-28 08:00:00,2013-03-28 09:00:00,2013-03-28 08:00:00,12.26683,76.79102
596,2013-08-20 21:00:00,2013-08-20 22:00:00,2013-08-20 21:00:00,12.76559,76.751
597,2013-09-20 11:00:00,2013-09-20 12:00:00,2013-09-20 11:00:00,12.52023,76.93226
598,2013-10-17 21:00:00,2013-10-17 22:00:00,2013-10-17 21:00:00,12.63496,77.17307
599,2013-11-22 11:00:00,2013-11-22 12:00:00,2013-11-22 11:00:00,12.45515,76.96376
600,2013-12-09 13:00:00,2013-12-09 14:00:00,2013-12-09 13:00:00,12.74583,76.73771
601,2013-07-07 16:00:00,2013-07-07 17:00:00,2013-07-07 16:00:00,12.53964,77.26074
602,2013-01-18 19:00:00,2013-01-18 20:00:00,2013-01-18 19:00:00,12.25933,76.45323
603,2013-12-10 11:00:00,2013-12-10 12:00:00,2013-12-10 11:00:00,12.37464,76.46806
604,2013-06-09 10:00:00,2013-06-09 11:00:00,2013-06-09 10:00:00,12.15276,76.57423
605,2013-07-09 08:00:00,2013-07-09 09:00:00,2013-07-09 08:00:00,12.31983,76.48677
606,2013-02-03 17:00:00,2013-02-03 18:00:00,2013-02-03 17:00:00,12.2672,76.43579
607,2013-01-13 16:00:00,2013-01-13 17:00:00,2013-01-13 16:00:00,12.28241,76.59893
608,2013-08-22 15:00:00,2013-08-22 16:00:00,2013-08-22 15:00:00,12.2545,76.35895
609,2013-02-20 20:00:00,2013-02-20 21:00:00,2013-02-20 20:00:00,12.37858,76.47216
610,2013-07-15 10:00:00,2013-07-15 11:00:00,2013-07-15 10:00:00,12.21346,76.41111
611,2013-05-12 04:00:00,2013-05-12 05:00:00,2013-05-12 04:00:00,12.33663,76.37839
612,2013-05-12 17:00:00,2013-05-12 18:00:00,2013-05-12 17:00:00,12.43232,76.62187
613,2013-04-03 08:00:00,2013-04-03 09:00:00,2013-04-03 08:00:00,12.15369,76.47504
614,2013-03-22 10:00:00,2013-03-22 11:00:00,2013-03-22 10:00:00,12.18382,76.56383
615,2013-01-14 10:00:00,2013-01-14 11:00:00,2013-01-14 10:00:00,12.10716,76.57602
616,2013-12-13 13:00:00,2013-12-13 14:00:00,2013-12-13 13:00:00,12.12363,76.63086
617,2013-07-19 22:00:00,2013-07-19 23:00:00,2013-07-19 22:00:00,12.28711,76.72652
618,2013-03-10 09:00:00,2013-03-10 10:00:00,2013-03-10 09:00:00,12.40124,76.54552
619,2013-08-04 20:00:00,2013-08-04 21:00:00,2013-08-04 20:00:00,12.23466,76.69318
620,2013-08-26 08:00:00,2013-08-26 09:00:00,2013-08-26 08:00:00,11.8726,76.67696
621,2013-03-05 23:00:00,2013-03-05 23:00:00,2013-03-05 23:00:00,12.22689,76.4327
622,2013-10-07 17:00:00,2013-10-07 18:00:00,2013-10-07 17:00:00,16.51605,76.11535
623,2013-10-19 22:00:00,2013-10-19 23:00:00,2013-10-19 22:00:00,16.89183,76.098
624,2013-01-03 00:00:00,2013-01-03 01:00:00,2013-01-03 00:00:00,16.91656,75.8387
625,2013-07-18 22:00:00,2013-07-18 23:00:00,2013-07-18 22:00:00,16.86001,75.86099
626,2013-03-12 09:00:00,2013-03-12 10:00:00,2013-03-12 09:00:00,17.17838,76.17314
627,2013-11-20 07:00:00,2013-11-20 08:00:00,2013-11-20 07:00:00,16.8634,76.02544
628,2013-07-07 19:00:00,2013-07-07 20:00:00,2013-07-07 19:00:00,16.98561,76.15341
629,2013-11-12 00:00:00,2013-11-12 01:00:00,2013-11-12 00:00:00,16.77665,75.82641
630,2013-09-27 10:00:00,2013-09-27 11:00:00,2013-09-27 10:00:00,16.83494,75.98008
631,2013-07-01 19:00:00,2013-07-01 20:00:00,2013-07-01 19:00:00,17.00454,75.98121
632,2013-09-19 20:00:00,2013-09-19 21:00:00,2013-09-19 20:00:00,17.01313,75.81344
633,2013-06-13 15:00:00,2013-06-13 16:00:00,2013-06-13 15:00:00,16.75418,75.9271
634,2013-01-22 23:00:00,2013-01-22 23:00:00,2013-01-22 23:00:00,16.74868,75.94138
635,2013-04-20 11:00:00,2013-04-20 12:00:00,2013-04-20 11:00:00,16.92627,75.8949
636,2013-11-13 19:00:00,2013-11-13 20:00:00,2013-11-13 19:00:00,16.9505,76.04301
637,2013-07-22 23:00:00,2013-07-22 23:00:00,2013-07-22 23:00:00,16.74777,75.94459
638,2013-05-07 15:00:00,2013-05-07 16:00:00,2013-05-07 15:00:00,16.59257,76.13076
639,2013-03-01 14:00:00,2013-03-01 15:00:00,2013-03-01 14:00:00,16.91979,75.73379
640,2013-10-04 00:00:00,2013-10-04 01:00:00,2013-10-04 00:00:00,16.88239,76.09003
641,2013-05-19 10:00:00,2013-05-19 11:00:00,2013-05-19 10:00:00,16.92585,76.1139
